epoch,loss
0,0.7847193397521973
1,0.018573728630691767
