epoch,loss
0,1.0048408370792865
1,0.029461282512545584
2,0.010783974021673203
3,0.00905536302626133
4,0.008639046649634838
